_id,Restaurant_Name,Category,Pricing_for_2,Locality,Dining_Rating,Dining_Review_Count,Delivery_Rating,Delivery_Rating_Count,Website,Address,Phone_No,Latitude,Longitude,Known_For2,Known_For22,score
1,Cafe Lota,"Cafe, South Indian, North Indian, Beverages",1200," Pragati Maidan, New Delhi",4.9,3748,3.9,37,https://www.zomato.com/ncr/cafe-lota-pragati-maidan-new-delhi,"National Crafts Museum, Gate 2, Bhairon Marg, Pragati Maidan, New Delhi",9.18E+11,28.613429,77.242471,"Pondicherry Fish Curry, Coconut Rabdi, Sabudana Pop Corn, Chicken Pasanda, Majestic Chicken, Bhapa Doi","Artistic Decor, The Service, Natural Ambience, Fusion Menu, Serene Ambience, Fusion Food",4.691427999
3,Burma Burma,"Asian, Burmese, Bubble Tea, Desserts, Salad",1600," Cyber Hub, DLF Cyber City, Gurgaon",4.9,2636,4.4,1238,https://www.zomato.com/ncr/burma-burma-dlf-cyber-city,"Shop 6, Ground Floor, Building 8, Tower C, Cyber Hub, DLF Cyber City, Gurgaon",9.11E+11,28.49446439,77.08853245,"Coconut Milk Dessert, Honey Caviar, Kaffir Lime Cooler, Samosa Curry, Samosa Soup, Corn Curry","Knowledgeable Staff, Authentic, Soothing Ambience, Dessert Menu, Pure Veg, Cozy",4.633999171
5,Carnatic Cafe,South Indian,600," Lodhi Colony, New Delhi",4.9,2518,4.2,931,https://www.zomato.com/ncr/carnatic-cafe-lodhi-colony-new-delhi,"84-85, Meharchand Market, Lodhi Road, Near Lodhi Colony, New Delhi",9.20E+11,28.584296,77.226613,"Malleshwari Dosa, Benne Khali Dosa, Obbattu, Raagi Masala Dosa, Bombat Dosa, Puliyogare","Cosy Ambience, Live Kitchen, Quiet Place, Calm, Cosy Place, Nice Decor",4.625993229
7,Natural Ice Cream,"Ice Cream, Desserts",400," Connaught Place, New Delhi",4.9,4014,4.5,6969,https://www.zomato.com/NaturalsCP,"L-8, L Block, Outer Circle, Connaught Place, New Delhi",9.11E+11,28.63444917,77.22203437,"Watermelon Ice Cream, Choco Bite, Chocobite, Choco Almond, Roasted Almond Ice Cream, Tender Coconut Ice Cream","Bank for the Buck, Totally Worth it, Coffee Date, Table Service, Happy Place, Great Flavour",4.701670615
9,Juggernaut,"South Indian, North Indian, Fast Food, Desserts, Beverages",700," Kailash Colony, New Delhi",4.8,2480,4.2,573,https://www.zomato.com/ncr/juggernaut-kailash-colony-new-delhi,"HS-16, Main Market, Kailash Colony, New Delhi",9.11E+11,28.55293914,77.24094898,"Podi Ghee Idli, Chettinad Idli, Ganne Ka Ras, Pesarattu, Appalam, Chettinad Curry","Everything was very Good, Calm, Lovely Ambience, Soothing Music, Warm Welcome, Ambience was Super Cool",4.559436732
12,Cafeteria & Co.,"Cafe, Continental, Italian, Fast Food, Oriental, Beverages",1300," Vijay Nagar, New Delhi",4.8,5228,4.1,2037,https://www.zomato.com/ncr/cafeteria-co-vijay-nagar-new-delhi,"G 14, Hudson Lane, Vijay Nagar, New Delhi",9.17E+11,28.69448281,77.2042758,"Peri Peri Chicken Skewer, Tropical Heaven Sundae, Chicken Cannelloni, Banana Nutella Crepe, Chipotle Pizza, Blueberry Ice Cream","Highly Recommended, Amazing Atmosphere, Ambience is very Nice, Classy Place, Affordable, Cordial Staff",4.659136285
15,Yum Yum Cha,"Asian, Japanese, Sushi, Desserts, Beverages, Rolls",1800," Cyber Hub, DLF Cyber City, Gurgaon",4.8,1742,4.2,643,https://www.zomato.com/ncr/yum-yum-cha-dlf-cyber-city,"2E, Ground Floor, Tower-A, Building 10, DLF Cyber City, Gurgaon",9.20E+11,28.4950508,77.0876302,"Spicy Basil Noodle, Takoyaki, Crispy Corn Cakes, Chilli Bowl, Sashimi Platter, Mochi Ice Cream","Gastronomical Experience, Happy Place, Themed Decor, Comfortable Seating, Decoration, Fancy Crowd",4.50297941
16,Coast Cafe,"Continental, Kerala",1400," Hauz Khas Village, New Delhi",4.8,1472,4.3,2115,https://www.zomato.com/ncr/coast-cafe-hauz-khas-village-new-delhi,"H-2, 2nd & 3rd Floor, Hauz Khas Village, New Delhi",9.11E+11,28.55481538,77.19520323,"Garam Curry Chicken, Aubergine Curry, Masala Fish Curry, Kerala Fish Fry, Kokum Curry, Avial","Balcony Seating, Classy Decor, Perfect Setting, Calm, Beautiful Cafe, Perfect Ambience",4.475081421
20,Gulati,"North Indian, Biryani, Hyderabadi, Mughlai, Kebab",2500," Pandara Road Market, New Delhi",4.7,6509,4.3,10500,https://www.zomato.com/ncr/gulati-pandara-road-new-delhi,"6, Pandara Road Market, New Delhi",9.11E+11,28.608007,77.23014,"Paneer Gilafi, Neza Kebab, Shahi Veg Platter, Handi Gosht, Methi Paneer, Hyderabadi Veg Biryani","Perfect Family Restaurant, Worth Waiting, Classy Place, Efficient Service, Good for Large Groups, Comfortable Seating Area",4.599672513
21,Olive Bar & Kitchen,"Italian, Pizza, Mediterranean, Continental, European, Beverages, Desserts",4000," Mehrauli, New Delhi",4.7,2734,3.2,21,https://www.zomato.com/ncr/olive-bar-kitchen-mehrauli-new-delhi,"6-8, Kalka Das Marg, Mehrauli, New Delhi",9.20E+11,28.52577788,77.18435403,"Cheese Souffle, Fettucine, Scallops, Gnocchi, Sunday Brunches, Date Night","Romantic Vibe, Romantic Setting, Valet Service, Sophisticated, Perfect Setting, Romantic Place",4.508115132
26,Cafe Wink,"Cafe, Continental, Italian",800," Anand Vihar, New Delhi",4.7,3291,4.3,6149,https://www.zomato.com/ncr/cafe-wink-anand-vihar-new-delhi,"G-1, Plot 9, Sikka Galaxy, Shreshtha Vihar, Anand Vihar, New Delhi",9.18E+11,28.6573105,77.3171005,"Bbq Spaghetti, Bbq Lasagna, Veg Omelette, Spaghetti Arrabiata, Pasta Al Forno, Exotica Garlic Bread","Pretty Cafe, Good Food Good Quality, Peaceful Ambience, Affordable, Awesome Cafe, Cute Ambience",4.530886538
32,Chili's Grill & Bar,"Mexican, Italian, American, Tex-Mex, Beverages, Desserts",1200," Pacific Mall, Tagore Garden, New Delhi",4.7,3956,4.3,3545,https://www.zomato.com/ncr/chilis-grill-bar-tagore-garden-new-delhi,"S 8 & 9, 2nd Floor, Pacific Mall, Tagore Garden, New Delhi",9.20E+11,28.64220025,77.10657667,"Molten Chocolate Chunk, Cajun Pasta, Smoked Chicken Leg, Santa Fe Salad, Tripple Dipper, Grilled Chicken Fajita","Variety of Selection, Good Server, Relaxed Atmosphere, Courteous Service, Family Place, Warm Service",4.551873447
43,AMA Cafe,"Cafe, Continental, Desserts, Beverages",550," Majnu ka Tila, New Delhi",4.6,5229,4.3,1684,https://www.zomato.com/ncr/ama-cafe-majnu-ka-tila-new-delhi,"House 6, New Colony, Majnu ka Tilla, New Delhi",9.18E+11,28.702644,77.228294,"Carrot Cinnamon, Pancakes and Maple Syrup, Pancake Breakfast, Choco Walnut Brownie, Banana Muffin, Apple Cinnamon Cake","Budget Friendly Food, Price Vs Portion Ratio, Aesthetic Ambience, Pretty Cafe, Cozy Vibe, Soothing Ambience",4.501458027
51,AB's - Absolute Barbecues,"North Indian, Continental, Desserts, Salad",1100," MGF Metropolis Mall, MG Road, Gurgaon",4.6,8002,3.7,53,https://www.zomato.com/ncr/abs-absolute-barbecues-mg-road,"Shop LG-01-02-03, Lower Ground Floor, Metropolis Mall, Sector 28, Near MG Road Metro Station, MG Road, Gurgaon, Gurgaon",9.17E+11,28.47954578,77.08169919,"Smoked Cottage Cheese, Chilli Chicken Wing, Chilli Ice Cream, Pineapple Grill, Masala Corn, Rabbit","Value for Money Experience, Budget Food, Live Grill, Excellent Service Food, Tasty and Awesome Food, Courteous Service",4.530513691
58,Indian Grill Room,"North Indian, Mughlai, Beverages, Kebab",1800," Suncity Business Tower, Golf Course Road, Gurgaon",4.6,3438,4.1,12400,https://www.zomato.com/ncr/indian-grill-room-golf-course-road,"315, 3rd Floor, Suncity Business Tower, Golf Course Road, Gurgaon",9.20E+11,28.43348273,77.1054012,"Pineapple Jalebi, Ajwain Paneer Tikka, Gulkand Ki Kheer, Triffle Pudding, Tandoori Ananas, Blue Ocean Mocktail","Buffet Variety and Quality, Classy Decor, Attentive Service, Good Food Good Quality, Live Kitchen, Complimentary Drinks",4.464997945
61,Barbeque Nation,"North Indian, BBQ, Beverages, Desserts",1500," Unity One Mall, Janakpuri, New Delhi",4.6,2881,3.5,1280,https://www.zomato.com/ncr/barbeque-nation-vikaspuri-new-delhi,"Second Floor, Unity One Mall, Near Janakpuri West Metro Station, Vikaspuri, New Delhi",9.18E+11,28.62861127,77.07575843,"Grilled Shrimp, Cajun Potatoes, Matka Phirni, Pan Kulfi, Grilled Pineapple, Barbeque","Live Grill, Complimentary Drinks, Service is Great and Fast, Themed Decor, Courteous Service, Comfortable Seating Area",4.447443518
62,Di Ghent Cafe,"European, Belgian",1700," Cross Point Mall, DLF Phase 4, Gurgaon",4.6,2346,4.2,2886,https://www.zomato.com/ncr/di-ghent-cafe-dlf-phase-4,"207, Level 2, Cross Point Mall, DLF Phase 4, Gurgaon",9.11E+11,28.4683763,77.0831096,"Yogurt Smoothie, Lamb Lasagna, Egg Benedict, Chicken Panini, Baguette, Smoked Salmon","Breakfast Joint, Attentive Service, Warm Place, Cosy Ambience, Warm Ambience, Beautiful Cafe",4.425670665
65,The Yellow Chilli,"North Indian, Mughlai, Chinese, Beverages, Desserts, Kebab",1600," Sector 110, Noida",4.6,2575,3.9,1207,https://www.zomato.com/ncr/the-yellow-chilli-sector-110-noida,"GT 1 - 2, 1st Floor, Sector 104, Near Sector 110, Noida",9.19E+11,28.54035801,77.36824997,"Shyam Savera, Lalla Mussa Dal, Kurkuri Bhindi, Paneer Taka Tak, Dahi Kabab, Chilli Garlic Noodles","Food and Service, Ambience is Beautiful, Buffet Variety and Quality, Keto Options, Taste of Food, Extensive Bar Menu",4.435707224
66,Mahabelly,"Kerala, South Indian, Seafood, Biryani",700," DLF Avenue, Saket, New Delhi",4.6,2323,4.3,11600,https://www.zomato.com/mahabelly,"MA-A05, Ground Floor, Restaurant Block, DLF Avenue, Saket, New Delhi",9.11E+11,28.52724131,77.21680172,"Chicken Varattiyathu, Sweet Coconut Dosa, Mango Prawn Curry, Kothu Porotta, Pork Roast, Egg Appam","Dinner Menu, Simple Decor, Taste of Food, Warm Hospitality, Ample Seating Area, Fantastic Service",4.424594442
72,The Pasta Bowl Company,"Italian, Fast Food, Pizza, Pasta",1300," Cross Point Mall, DLF Phase 4, Gurgaon",4.6,1479,4.2,692,https://www.zomato.com/ncr/the-pasta-bowl-company-dlf-phase-4,"GL 201, Floor 2, Cross Point Mall, DLF Phase 4, Gurgaon",9.11E+11,28.4682825,77.0833374,"Tortellini Puttanesca, Parma Ham Salad, Chicken Breast Sandwich, Spinach Ravioli, Ravioli Pasta, Orange Mojito","Cozy Ambience, Quality of Food, Live Kitchen, Cozy Place, New Menu, More Variety",4.373219411
78,Cafe Parmesan,"Italian, Pizza, Beverages",1800," Sector 15, Faridabad",4.6,1477,4.1,1257,https://www.zomato.com/ncr/cafe-parmesan-sector-15-faridabad,"SCF-42, 1st Floor, HUDA Market, Sector 15, Faridabad",9.20E+11,28.39523789,77.32358616,"Bacon Panini, Chocolate Torte, Belgian Choco Shake, Veg Panini, Ravioli, Chicken Lasagna","Relaxed Atmosphere, Attentive Staff, Cozy Place, Friendly Service, New Menu, Fresh Ingredients",4.373061902
81,Wafflesome,"Desserts, Beverages",500," Greater Kailash 1 (GK1), New Delhi",4.6,1500,4.2,2615,https://www.zomato.com/ncr/wafflesome-greater-kailash-gk-1-new-delhi,"M-33, Near M Block Market, Greater Kailash (GK) 1, New Delhi",9.11E+11,28.55138919,77.23450698,"Brownie Nutella Waffles, Choco Waffle, Mango Waffle, Banana Toffee, Ice Cream Strawberry, Strawberry Waffle","Great Fragrance, Totally Worth it, Cosy Place, Pocket Friendly, Serving Size, Fancy Crowd",4.374860144
82,Green House - The Beer Garden,"Continental, Tex-Mex, Mediterranean, North Indian, Asian",1500," Eros City Square Mall, Sector 49, Gurgaon, Gurgaon",4.6,1452,3.6,116,https://www.zomato.com/ncr/green-house-the-beer-garden-sector-49,"Food Court 3, Eros City Square Mall, Sector 49, Gurgaon, Gurgaon",9.20E+11,28.41299641,77.05507357,"Herbed Potato Wedges, Veg Ceaser Salad, Cheese Corn Nuggets, Spaghetti Bolognese, Wheat Beer, Chocolate Lava Cake","Kid Friendly, Good Bartenders, Rooftop Ambience, Wooden Interiors, Live Performances, Service and Quality of Food",4.371074425
85,The Hook,"Seafood, Continental, North Indian",1800," Sector 29, Gurgaon",4.6,2285,3.8,332,https://www.zomato.com/ncr/the-hook-sector-29,"SCO 30, Leisure Valley Road, Sector 29, Gurgaon",9.20E+11,28.46873698,77.06324726,"Rusty Nail, Liit Cocktail, Soya Masala Chaap, Butter Garlic Prawns, Brewed Beer, Sea Food","Best Rooftop, Great Lighting, Live Entertainment, Lovely Music, Amazing View, Rooftop Seating",4.422786922
101,Rajinder Da Dhaba,"North Indian, Chinese, Mughlai",800," Safdarjung, New Delhi",4.5,5936,4.1,13600,https://www.zomato.com/ncr/rajinder-da-dhaba-safdarjung-new-delhi,"AB 14, Safdarjung Enclave Market, Safdarjung, New Delhi",9.20E+11,28.56552997,77.19925504,"Makhmali Fish, Veg Malai Tikka, Gaulauti Kebab, Satay Chicken, Chicken Kalmi, Paneer Malai","Dhaba Feel, Super Fast Service, Office Crowd, Casual Seating Area, Elegantly Decorated, Inexpensive",4.430064189
106,Perch Wine & Coffee Bar,"Beverages, European, Continental",2000," Khan Market, New Delhi",4.5,1424,4.3,151,https://www.zomato.com/ncr/perch-wine-coffee-bar-khan-market-new-delhi,"71, 1st Floor, Khan Market, New Delhi",9.18E+11,28.5998317,77.22619817,"Double Chocolate Mousse, Coffee Bar, Potato Gnocchi, Mango Sorbet, Mulled Wine, Chicken Sub","Wooden Interiors, Pretty Place, Calm, Light Music, Friendly Service, Cosy Place",4.318428166
113,Triveni Terrace Cafe,"Street Food, Desserts, Beverages",400," Mandi House, New Delhi",4.5,2004,4.2,454,https://www.zomato.com/ncr/triveni-terrace-cafe-mandi-house-new-delhi,"205 Tansenmarg, Mandi House, New Delhi",9.20E+11,28.627275,77.232382,"Masala Cheese Toast, Coconut Curry Chicken, Pohaa, Ragi Idli, Paalak Patta Chaat, Gun Powder Idli","Beautiful Environment, Serene Ambience, Soothing Ambience, Open Seating, Peaceful Environment, Positive Vibe",4.349342175
114,Mamagoto,"Asian, Chinese, Sushi, Desserts",1000," Select Citywalk Mall, Saket, New Delhi",4.5,2422,4.1,3107,https://www.zomato.com/ncr/mamagoto-saket-new-delhi,"S-9, 2nd Floor, Select Citywalk Mall, Saket, New Delhi",9.11E+11,28.52873919,77.21961133,"Spicy Calamari, Spicy Bangkok Bowl, Kiwi Mint Cooler, Nutella Crunch, Spicy Ramen, Rock Shrimp Tempura","Food Service, Family Place, Exceptional Service, Comfortable Seating, Good Value, Excellent Experience",4.365807942
121,Punjab Grill,"North Indian, Mughlai, Biryani, Kebab, Desserts",2500," Pacific Mall, Tagore Garden, New Delhi",4.5,2764,4.1,2786,https://www.zomato.com/ncr/punjab-grill-tagore-garden-new-delhi,"Pacific Mall, Tagore Garden, New Delhi",9.18E+11,28.64279257,77.10638221,"Veg Kurkuri, Meat Punjab Grill, Saag Gosht, Pan Shots, Murg Lababdar, Authentic Punjabi Food","Good Service Good Quality, Peaceful Ambience, Elegant Ambience, Good Server, Ambience was Super Cool, Cordial Staff",4.376822602
136,Punjabi Angithi,"North Indian, Chinese, Rolls, Fast Food, Momos",400," Paschim Vihar, New Delhi",4.5,3125,4.1,87700,https://www.zomato.com/ncr/punjabi-angithi-paschim-vihar-new-delhi,"32-22, A 4, DDA Market, Paschim Vihar, New Delhi",9.18E+11,28.67267878,77.10898831,"Bhuna Chaap Masala, Paneer Tikka Tandoori, Paneer Kurkure, Tawa Tikka Masala, Handi Paneer, Butter Garlic Noodles","Very Good Food, Tasty Stuff, Serving Size, Relaxed Atmosphere, Comfortable Seating Area, Pure Veg",4.386643929
141,Karnataka Food Centre,"South Indian, Beverages",450," R K Puram, New Delhi",4.5,1932,4.3,3519,https://www.zomato.com/ncr/karnataka-food-centre-r-k-puram-new-delhi,"Delhi Karnataka Sangha Building, Rao Tula Ram Marg, Sector 12, R K Puram, New Delhi",9.11E+11,28.57786284,77.17531264,"Plain Masala Dosa, Mysore Pak, Sweet Pan, Filtered Coffee, Rava Kesari, Potato Filling","Super Fast Service, Unlimited Refills, Office Crowd, Bang for the Buck, Elegantly Decorated, Parking Space",4.346089202
144,Berco's,"Chinese, Thai, Asian, Beverages",900," Hajipur, Noida",4.5,2455,4,6853,https://www.zomato.com/ncr/bercos-hajipur,"104, Sector 104, Near Hajipur, Noida",9.20E+11,28.539399,77.36581285,"Shanghai Rice, Stir Fried Asian Greens, Black Pepper Paneer, Chilli Garlic Prawn, Chicken Honey, Spice Chicken","Excellent Hospitality, Great Host, Courteous Service, Warm Hospitality, Lovely Ambience, Employee",4.366955893
146,Mr. Crust Bakers,"Bakery, Burger, Fast Food, Beverages",400," Vijay Nagar, New Delhi",4.5,1791,4.3,10400,https://www.zomato.com/ncr/mr-crust-bakers-vijay-nagar-new-delhi,"B 29/B, Opposite Mother Dairy, Vijay Nagar, New Delhi",9.11E+11,28.69058089,77.20151916,"Peach Pie, Veg Pattice, Fruit Pudding, Choco Chip Pastry, Makhani Pasta, Hazelnut Cold Coffee","Coffee Date, Reasonable Rates, Cleanliness, Friendly Place, Great Quality, Great Ambiance",4.339293917
156,Naivedyam,South Indian,500," Hauz Khas Village, New Delhi",4.5,2589,4.3,7328,https://www.zomato.com/ncr/naivedyam-hauz-khas-village-new-delhi,"Shop 1, Hauz Khas Village, New Delhi",9.11E+11,28.55502476,77.19509996,"Kesari Bhath, Maharaja Dosa, Mysore Rava Masala Dosa, Dahi Idli, Rasam Papad, Ghee Roast Dosa","Authentic Ambience, Peaceful Environment, Soothing Ambience, Efficient Service, Peaceful Ambience, Pure Veg",4.37142225
168,Boa Village,"Asian, Japanese, Korean, Chinese, Momos, Thai",2300," Civil Lines, New Delhi",4.4,2228,4.2,880,https://www.zomato.com/ncr/boa-village-civil-lines-new-delhi,"13, Alipur Road, Civil Lines, New Delhi",9.11E+11,28.67661667,77.22521111,"Chicken Tempura, Soya Nuggets, Banana Toffee, Bellini, Salmon Sushi, Tandoori Veg Platter","Kid Friendly, Good Bartenders, Classy Place, Rooftop Seating, Rooftop Ambience, Classy Ambience",4.297270163
170,The G.T. Road,"North Indian, Mughlai, Street Food, Chinese, Mithai, Beverages",1400," Connaught Place, New Delhi",4.4,3471,3.9,18,https://www.zomato.com/ncr/the-g-t-road-connaught-place-new-delhi,"M 39, Outer Circle, Connaught Place, New Delhi",9.20E+11,28.63313465,77.22291615,"Vegetable Kofta Curry, Tamatar Ka Shorba, Gur Ice Cream, Punjabi Rajma, Rice Kheer, Pinni","Buffet Variety and Quality, Classy Interiors, Live Grill, Vintage Decor, Nice Theme, Dessert Menu",4.323471162
182,Havemore,"North Indian, Mughlai, Beverages",2300," Pandara Road Market, New Delhi",4.4,2437,4.2,1294,https://www.zomato.com/ncr/havemore-pandara-road-new-delhi,"11-12, Pandara Road Market, New Delhi",9.20E+11,28.60807424,77.22971756,"Khasta Paratha, Butter Chicken and Naan, Soya Tikka Masala, Paneer Methi Malai, Makke Ki Roti, Masala Papad","Good for Large Groups, Family Restaurant, Family Place, Decent Ambience, Good Hospitality, Nice Staff",4.302862031
191,Xero Degrees,"Cafe, Fast Food, Beverages, Desserts",750," Connaught Place, New Delhi",4.4,1876,4.1,783,https://www.zomato.com/ncr/xero-degrees-connaught-place-new-delhi,"L-23/9, Middle Circle, Connaught Place, New Delhi",9.19E+11,28.63434235,77.22136416,"Raspberry Cooler, Slider Burger, Chicken Peri Peri Fries, Red Velvet Milkshake, Chicken Slider, Fried Cheese","Music and Ambience, Couple Friendly, Affordable, Service is Great, Compact Place, Quiet",4.28624079
194,Dhaba-  Estd 1986 Delhi,"Mughlai, Biryani, North Indian, Desserts, Beverages",2000," Aerocity, New Delhi",4.4,1950,4.2,604,https://www.zomato.com/ncr/dhaba-estd-1986-delhi-aerocity-new-delhi,"Shop 4, Ground Floor, World Mark 2, Aerocity, New Delhi",9.11E+11,28.5514597,77.1225002,"Mutton Balti, Lasooni Palak, Rara Gosht, Dal Dhaba, Daal Makhini, Mixed Vegetables","Best Indian Food in the City, Everthing is Perfect, Served Us Perfectly, Good Employee, Dhaba Feel, Great Food Great Service",4.288751731
201,Uncle's Sip & Bite,"Fast Food, Beverages",600," Prashant Vihar, New Delhi",4.4,1848,4.2,822,https://www.zomato.com/ncr/uncles-sip-bite-prashant-vihar-new-delhi,"Shop 5, A 75, Opposite CRPF School, Prashant Vihar, New Delhi",9.11E+11,28.71031899,77.13369213,"Cheesy Puffy Garlic Bread, Nacho Salsa, Garlic Bread Mozzarella, Caramel Shake, Peri Fries, Dessert Counter","Charging Ports, Great for Birthdays, Economical, Pocket Friendly Place, Fancy Crowd, Cozy Place",4.285260891
213,Indus Flavour,"North Indian, Chinese, Fast Food",900," Delhi University-GTB Nagar, New Delhi",4.4,2366,4.1,8004,https://www.zomato.com/ncr/indus-flavour-delhi-university-gtb-nagar-new-delhi,"2510, Ground Floor, Kingsway Camp, Hudson Lane, Delhi University-GTB Nagar, New Delhi",9.11E+11,28.69400989,77.18959976,"Rumali Masala Papad, Kadak Roomali, Paneer Makhmali, Kurkure Mushroom, Fondue, Matar Mushroom","Ambience is very Nice, Complimentary Drinks, Affordable, Good for Large Groups, Pure Veg, Gastronomical Experience",4.301031962
214,Paparizza-Woodfired Pizzas,"Pizza, Italian, Fast Food, BBQ, Salad, Desserts, Beverages",500," Delhi University-GTB Nagar, New Delhi",4.4,4403,4,5925,https://www.zomato.com/ncr/paparizza-woodfired-pizzas-delhi-university-gtb-nagar-new-delhi,"2520, Hudson Lane, Delhi University-GTB Nagar, New Delhi",9.18E+11,28.69515012,77.20423054,"Lasagna Palermo, Tex Mex Pizza, Mushroom Calzone, Pizza Calzone, Apple Pie Shake, Garlic Bread Mozzarella","The Staff is Friendly, Prices are very Genuine, Best Quality Food and Service, The Food was Worth the Price, Great Food and Service, Good for Large Groups",4.335756692
218,Town Hall,"Japanese, Thai, Italian, Asian, Pizza, European",2500," Khan Market, New Delhi",4.4,1828,3.9,25,https://www.zomato.com/ncr/town-hall-khan-market-new-delhi,"60-61, Middle Circle Lane, Near Dayal Opticals, Khan Market, New Delhi",9.11E+11,28.60017581,77.22712018,"Spicy Edamame, Rock Shrimp Tempura, Non Veg Mezze Platter, Sushi Rolls, Jasmine Rice, Sangria","Roof Top, Great Vibe, Seating Options, Sheesha, Courteous Service, Lovely Ambience",4.284550565
223,Zambar,"South Indian, Seafood, Kerala, Beverages",600," Ambience Mall, DLF Phase 3, Gurgaon",4.4,2141,4.2,919,https://www.zomato.com/ncr/zambar-1-dlf-phase-3,"Shop 310, 3rd Floor, Ambience Mall, DLF Phase 3, Gurgaon",9.11E+11,28.50261206,77.09709372,"Prawn Platter, Seafood Thali, Kerala Fish Fry, Chicken Dosa, Chicken Chettinadu, Mutton Sukka","New Look, Good Food Service, Gastronomical Experience, Excellent Staff, Comfortable Seating Area, Great Decor",4.294748012
232,Smoke House Deli,"Italian, Continental, Fast Food, Desserts, Beverages",1400," DLF Avenue, Saket, New Delhi",4.4,1797,4.2,1599,https://www.zomato.com/SmokeHouseDeli-Saket,"Shop 252/253, DLF Avenue, Saket, New Delhi",9.11E+11,28.52806581,77.21682351,"Ricotta Ravioli, Bagels, Rocher Shake, Peri Chicken, Risotto, Steak","Classy Interiors, Pretty Place, Breakfast Menu, Healthy Options, Peaceful Place, Attentive Staff",4.283432008
233,Roots - Cafe In The Park,"North Indian, Street Food, Desserts",750," Sector 29, Gurgaon",4.4,2759,4,1060,https://www.zomato.com/ncr/roots-cafe-in-the-park-sector-29,"Rajiv Gandhi Renewable Energy Park, Leisure Valley, Sector 29, Gurgaon",9.20E+11,28.46965566,77.06839141,"Railway Masala Omelette Sandwich, Wai Wai Bhel, Moong Dal Chila, French Press Coffee, Mushroom Toast, Modinagar Shikanji","Natural Ambience, Good Food and Good Quality, Breakfast Options, Healthy Food Options, Cozy Ambience, Peaceful Place",4.310377993
251,Punjabi By Nature,"North Indian, Mughlai, Desserts, Beverages",2400," Ambience Mall, Vasant Kunj, New Delhi",4.4,2426,4.2,2592,https://www.zomato.com/ncr/punjabi-by-nature-vasant-kunj-new-delhi,"T-305, 3rd Floor, Ambience Mall, Vasant Kunj, New Delhi",9.20E+11,28.54087756,77.15500932,"Kandhari Chicken, Papad Platter, Murgh Makhanwala, Lahori Masala Paneer, Tandoori Raan, Authentic Punjabi Food","Service by Staff, Food was Wonderful, Themed Decor, Courteous Service, Nice Interiors, Comfortable Seating",4.302582943
255,Chaiyum,"Pizza, Fast Food, Beverages",550," Sector 10, Dwarka, New Delhi",4.4,2154,4,3334,https://www.zomato.com/ncr/chaiyum-sector-10-dwarka-new-delhi,"Ground Floor, Pinnacle Mall, Sector 10, Dwarka, New Delhi",9.20E+11,28.57945509,77.05595769,"Paneer Masala Sandwich, Zaffran Chai, Herb Chilli Burger, Vada Pav Burger, Adrak Tulsi Chai, Chicken Salami Pizza","Elaborate Seating, Hospitable, Sugar Free Options, Love the Food Love the Service, No Plastic Cups, Cool Environment",4.295132726
257,The Joint Cafe,"Cafe, Burger, Italian, American, Steak, Beverages",1400," DLF Galleria, DLF Phase 4, Gurgaon",4.4,1445,4.1,6522,https://www.zomato.com/ncr/the-joint-cafe-dlf-phase-4,"100, 1st Floor, DLF Galleria, DLF Phase 4, Gurgaon",9.11E+11,28.46756924,77.08143801,"Farmhouse Steak, Streaky Bacon, Irish Cream Coffee, Beef Burger, Meat Platter, Finger Chips","Breakfasts, Big Portions, Quaint Little Place, Cosy Place, Cozy, Great Music",4.269022705
271,Tossin Pizza,"Pizza, Fast Food, Pasta, Beverages",600," DLF Galleria, DLF Phase 4, Gurgaon",4.4,2441,4.2,32600,https://www.zomato.com/ncr/tossin-pizza-dlf-phase-4,"SF-114, 1st Floor, Galleria Market, DLF Phase 4, Gurgaon",9.11E+11,28.46758987,77.08140012,"Herbed Garlic Bread, Roohafza Mojito, Spicy Pepperoni, Vegetable Calzone, Veg Peri Peri, Strawberry Mojito","Food is 5 Star, Amazing Food and Experience, Tasty Stuff, Delivery on Time, Cozy Ambience, Many Choices",4.302963121
277,Whipped,"Bakery, Desserts, Coffee, Fast Food",800," Greater Kailash 2 (GK2), New Delhi",4.4,1658,4.2,7439,https://www.zomato.com/ncr/whipped-greater-kailash-gk-2-new-delhi,"S-375, Block S, Inder Mohan Bhardwaj Marg, Greater Kailash 2 (GK 2), New Delhi",9.16E+11,28.52979197,77.24541016,"Chocolate Truffle Royale, Oreo Crunch, New York Cheesecake, Cake in a Jar, Red Velvet Cheesecake, Cheese Cakes","Taste was Awesome, Pretty Decor, Coffee Date, Good Stuff, Fancy Crowd, Seating Arrangement",4.278137964
290,RollsKing,"Rolls, Sandwich, Fast Food, Beverages",400," Sector 18, Noida",4.4,1574,4.2,300,https://www.zomato.com/ncr/rollsking-1-sector-18-noida,"J-3, Near GIP Footover Bridge, Sector 18, Noida",9.11E+11,28.56823399,77.32459299,"Mutton Egg Roll, Keema Roll, Double Egg, Kathi Rolls, Veg Roll, Chicken Roll","Takeaway, Good Value, Friendly Place, Great Recommendations, Quick Service, Best Places",4.274699003
300,Amour Bistro,"Continental, Italian, Fast Food, Raw Meats, Desserts, Beverages",2000," Chanakyapuri, New Delhi",4.3,1430,4.4,618,https://www.zomato.com/ncr/amour-bistro-chanakyapuri-new-delhi,"10/48, Malcha Marg Shopping Complex, Chanakyapuri, New Delhi",9.20E+11,28.6016073,77.18596134,"Herb Roast Prawn, Gnocchi, Quiche, Banoffee Pie, Blueberry Cheesecake, Salmon","Family Favorite, Breakfast Menu, Perfect Location, Gastronomical Experience, Live Kitchen, Calm",4.217845461
323,Whisky Samba,"Asian, Sushi, Seafood, Desserts",3800," Two Horizon Center, Golf Course Road, Gurgaon",4.3,1408,3.9,21,https://www.zomato.com/ncr/whisky-samba-golf-course-road,"Shop 103, 104, Two Horizon Center, Golf Course Road, Gurgaon",9.20E+11,28.4511645,77.0966193,"Whiskey Cocktail, Crab Cakes, Chocolate Souffle, Tuna Sushi, Pork Belly, Wasabi Prawns","Classy Place, Great Vibe, Staff Behavior, Good Vibe, Awesome Music, Outside Seating",4.217202396
326,United Coffee House,"Mughlai, Chinese, European, Continental, North Indian, Fast Food, Beverages",2500," Connaught Place, New Delhi",4.3,3582,3.7,313,https://www.zomato.com/ncr/united-coffee-house-connaught-place-new-delhi,"E-15, Connaught Place, New Delhi",9.11E+11,28.63245282,77.22106744,"Chicken Ala Keiv, Badshahi Kofta, Lamb Kebab Platter, Lahori Meat, Kala Jaam, Cona Coffee","Royal Ambience, Family Favorite, Vintage Decor, Highly Recommended, Sophisticated, Elegant Ambience",4.253314018
328,Cafe After Hours,"North Indian, Chinese, Continental, Beverages, Thai",1200," City Centre Mall, Sector 12, Dwarka, New Delhi",4.3,1722,4.1,4283,https://www.zomato.com/ncr/cafe-after-hours-sector-12-dwarka-new-delhi,"1st Floor, City Centre Mall, Sector 12, Dwarka, New Delhi",9.20E+11,28.59248109,77.0415616,"Mushroom Stroganoff, Vegetable Dimsums, Soya Tikka, Butter Chicken Pizza, Sizzlers, Alfredo Pasta","Cost Efficient, Live Entertainment, Cozy Ambience, Live Band, Recommend Place, Hookah",4.225522964
339,Boombox Brewstreet,"Bar Food, North Indian, Chinese, Continental",1600," Sector 29, Gurgaon",4.3,2142,3.9,19,https://www.zomato.com/ncr/boombox-brewstreet-sector-29,"SCO 53, 1st Floor, Main Market, Sector 29, Gurgaon",9.20E+11,28.46814515,77.06402175,"Root Beer, Crispy Chilli Corn, Roasted Chicken Salad, Brewed Beer, Mixed Vegetables, Peach Ice Tea","Good Food with Good Quantity, Nice Ambience Nice Crowd, Kid Friendly, Cover Charges, Comfortable Couches, Music and Ambience",4.234347755
343,21 Gun Salute,"North Indian, Mughlai, Asian, Continental",2000," Sector 29, Gurgaon",4.3,1771,3.5,847,https://www.zomato.com/ncr/21-gun-salute-sector-29,"SCO 35-36, 1st Foor, Main Market, Sector 29, Gurgaon",9.20E+11,28.46814515,77.06402041,"Laal Maas, Mughlai Food, Kheer, Manchow Soup, Papad, Mocktail","Royal Ambience, Sophisticated, Classy Place, Worth the Price, Excellent Ambience, Awesome Ambience",4.226672881
350,AMPM Caf√© & Bar,"Italian, Asian, American, European, Fast Food, Beverages, Desserts",1700," DLF Galleria, DLF Phase 4, Gurgaon",4.3,2713,4,112,https://www.zomato.com/ncr/ampm-caf-bar-dlf-phase-4,"R-003, 2nd Floor, DLF Galleria, DLF Phase 4, Gurgaon",9.20E+11,28.46759606,77.08131965,"Smoked Chicken Bruschetta, Blueberry Mousse, Choco Bomb, Mezze, Nutella Waffles, Meatballs","Live Band Performance, Rock Music, Rooftop Seating, Beautiful View, Rooftop Ambience, Great View",4.243456374
362,Karim's,"Mughlai, North Indian, Rolls",700," Jama Masjid, New Delhi",4.3,7027,3.7,2,https://www.zomato.com/ncr/karims-jama-masjid-new-delhi,"16, Gali Kababian, Jama Masjid, New Delhi",9.11E+11,28.64932288,77.23368991,"Chicken Jahangir, Mutton Qurma, Mutton Jahangiri, Reshmi Seekh Kebab, Badam Pasanda, Karim Roll","Gastronomical Experience, Affordable, Luxury, Best Ambience, Ample Seating Area, Clean",4.272393596
380,Starbucks Coffee,"Fast Food, Desserts, Beverages",600," Connaught Place, New Delhi",4.3,3428,4.3,523,https://www.zomato.com/ncr/starbucks-coffee-1-connaught-place-new-delhi,"A-1, Hamilton House, Inner Circle, Connaught Place, New Delhi",9.20E+11,28.632184,77.217774,"Caramel Frappucino, Iced Vanilla Latte, Vanilla Frappe, Mocha Frappuccino, Java Chip Frappuccino, Caramel Macchiato","Free Wifi, Cozy Ambience, Great Interiors, Huge Place, Great Location, Calm",4.251825664
384,The Burger Club,"Burger, Fast Food, Desserts, Beverages",500," Delhi University-GTB Nagar, New Delhi",4.3,2854,4.1,38200,https://www.zomato.com/ncr/the-burger-club-delhi-university-gtb-nagar,"103 & 105, Mall Road, Kingsway Camp, Delhi University-GTB Nagar, New Delhi",9.11E+11,28.69876778,77.20561992,"Spicy Club Burger, Island Chicken Club, Kumara Fries, Cream Shake, Caramel Frappe, Peach Tea","Cozy Ambiance, Casual Seating Area, Nice Crowd, Pocket Friendly, Chirpy Crowd, Nice Environment",4.245329383
397,Wood Box Cafe,"Cafe, Fast Food, Italian, Chinese, Salad, Momos",800," Satyaniketan, New Delhi",4.3,2505,3.8,1516,https://www.zomato.com/ncr/wood-box-cafe-satyaniketan-new-delhi,"Shop 288, Opposite Venkateswara College, Satyaniketan, New Delhi",9.20E+11,28.58864927,77.1689092,"Carnivore Platter, Blueberry Milkshake, Moroccan Chicken, Mango Mojito, Snicker Shake, Crispy Honey Chilli Potato","Wooden Interiors, Soothing Ambience, Cozy Ambience, Comfortable Seating, Peaceful Place, Serving Size",4.240446579
410,Abongchiiz,"Continental, Chinese, North Indian, Momos, Fast Food",1100," Delhi University-GTB Nagar, New Delhi",4.3,1710,3.9,1338,https://www.zomato.com/ncr/abongchiiz-delhi-university-gtb-nagar,"9, DDA Hudson Lane, Delhi University-GTB Nagar, New Delhi
",9.11E+11,28.69405989,77.20484845,"Jalapeno Cheese Balls, Coffee Hazelnut, Brownie Sizzler, Caramel Coffee, Momos Platter, Death by Chocolate","Board Games, Rooftop Ambience, Cosy Ambience, Seating Options, Fun Place, Sheesha",4.225235833
414,Shawarma House,"Lebanese, Middle Eastern, Wraps, Mediterranean",500," Central Plaza Mall, Golf Course Road, Gurgaon",4.3,1686,4,20300,https://www.zomato.com/ncr/shawarma-house-golf-course-road,"2, Central Plaza Mall, Golf Course Road, Gurgaon",9.20E+11,28.44266546,77.10111469,"Lamb Shawarma Wrap, Fatoush Salad, Chicken Poppers, Hummus Pita Bread, Couscous Salad, Fish Platter","Bang for the Buck, Office Crowd, Cozy Ambiance, Pocket Friendly, Delivery Timing, Serving Size",4.224654877
435,Art of Spices,"North Indian, Rolls",450," Karol Bagh, New Delhi",4.3,1454,4,11900,https://www.zomato.com/ncr/art-of-spices-karol-bagh-new-delhi,"B-1/3, Behind City Hospital, Pusa Road, Karol Bagh, New Delhi",9.20E+11,28.64350523,77.19054323,"Mutton Egg Roll, Double Egg Double Chicken Roll, Chicken Tenders, Kathi Rolls, Veg Rolls, Soya Chaap Roll","Art, Serving Time, Economical, Street Food, Friendly Place, Tandoori",4.218535691
522,Rose Cafe,"Coffee, Cafe, Continental, Mediterranean, Fast Food, Italian, Desserts, Beverages",1400," Lado Sarai, New Delhi",4.2,3318,3.9,46,https://www.zomato.com/ncr/rose-cafe-lado-sarai-new-delhi,"264, Ground Floor, Westend Marg, Saidullajab, Lado Sarai, New Delhi",9.20E+11,28.517999,77.198256,"Skinny Pizza, Eggless Dessert, Chicken Tarts, Belgium Chocolate Ice Cream, Herbed Chicken, Waffle Sundae","Chic Decor, Chic Ambience, Nice Outdoor Seating, Vintage Decor, Lovely Decor, Pretty Cafe",4.180415425
526,Om Sweets & Snacks,"North Indian, South Indian, Fast Food, Mithai, Bakery, Chinese, Street Food, Beverages",400," Jail Road, New Delhi",4.2,2159,4.2,66500,https://www.zomato.com/ncr/om-sweets-snacks-jail-road-new-delhi,"GL-23, Hari Nagar, Jail Road, New Delhi",9.11E+11,28.62780286,77.10032947,"Tomato Cheese Sandwich, Amritsari Koolcha, Crispy Jalebi, Malai Ghewar, Imarti, Chana Bhatura","Chirpy Crowd, Drive through, Not very Crowded, Cozy Ambiance, Inexpensive, Family Restaurant",4.174042299
535,Band Baaja Baaraat,"North Indian, Chinese, Kebab",900," Rajouri Garden, New Delhi",4.2,1761,3.8,4126,https://www.zomato.com/ncr/band-baaja-baaraat-rajouri-garden-new-delhi,"A 6, Ground Floor, Vishal Enclave, Rajouri Garden, New Delhi",9.19E+11,28.6478126,77.11936478,"Vegetable Corn Soup, Pan Mojito, Masala Corn, Salsa Potatoes, Rara Gosht, Palak Patta Chat","Valet Service, Flowers, Taste was Awesome, Amazing Interior, Live Grill, Reasonable Cost",4.170776664
581,The Tummy Section,"Fast Food, Chinese",350," Jail Road, New Delhi",4.2,1765,4.1,15800,https://www.zomato.com/ncr/the-tummy-section-jail-road-new-delhi,"WZ-303, Plot GL-15, Hari Nagar, Jail Road, New Delhi",9.20E+11,28.62928018,77.09973972,"Garlic Sauce Momo, Creamy Chicken Lollipops, Chicken Shawarama, Crispy Momos, Shawarma Rolls, Gravy Momo","Not very Crowded, Best Outlets, Inexpensive, Pocket Friendly, Seating Arrangements, Great Recommendations",4.170813567
601,Al Jawahar,"Mughlai, North Indian",500," Jama Masjid, New Delhi",4.2,3234,3.8,523,https://www.zomato.com/ncr/al-jawahar-jama-masjid-new-delhi,"8, Opposite Gate 1, Matia Mahal Road, Jama Masjid, New Delhi",9.11E+11,28.646616,77.240158,"Chicken Bihari, Roti Boti Roll, Kaleji Gurda, Sheer Maal, Badam Pasanda, Mutton Quorma","Gastronomical Experience, Loved it, Themed Decor, Clean Place, Relaxed Atmosphere, Authenticity",4.180060616
602,RP's Restaurant,"Mughlai, North Indian, South Indian, Fast Food, Chinese, Rolls",700," Malviya Nagar, New Delhi",4.2,1688,3.9,35600,https://www.zomato.com/ncr/rps-restaurant-malviya-nagar-new-delhi,"50-D, Savitri Nagar, Main Road, Malviya Nagar, New Delhi",9.20E+11,28.54053649,77.21836712,"Kashmiri Aloo, Soyabean Chaap, Hariyali Chicken, Ginger Chicken, Vegetable Uttapam, Deluxe Veg Thali","Gastronomical Experience, Themed Decor, Fastest Delivery, Good Menu, Family Restaurant, Packed on Weekends",4.170086408
608,Momo's Point,"Chinese, Fast Food",500," Kamla Nagar, New Delhi",4.2,1669,4.1,4655,https://www.zomato.com/ncr/momos-point-kamla-nagar-new-delhi,"27 UB, Jawahar Nagar, Kamla Nagar, New Delhi",9.11E+11,28.680635,77.20710017,"Veg Masala Momos, Crispy Honey Potatoes, Juicy Chicken Drumsticks, Thai Noodles, Chicken Meal, Chicken Fried Momos","Elegantly Decorated, Bang for the Buck, Casual Seating Area, Not very Crowded, Servings, Great Recommendations",4.169901372
612,Zaika-E-Dilli,"North Indian, Chinese, South Indian, Fast Food",400," Shahdara, New Delhi",4.2,1656,3.8,43500,https://www.zomato.com/ncr/zaika-e-dilli-shahdara-new-delhi,"C-9/17, Yamuna Vihar, Shahdara, New Delhi",9.20E+11,28.70018117,77.27200024,"Stuffed Chaap, Paneer Tika, Mushroom Masala, Malai Chaap Roll, Paneer Naan, Deluxe Thali","Comfortable Seating Area, Relaxed Atmosphere, Themed Decor, Quality of Food, Family Place, Packed on Weekends",4.169773443
684,Pandit Ji Paranthe Wale,North Indian,200," Ashok Vihar Phase 2, New Delhi",4.2,2510,3.8,6336,https://www.zomato.com/ncr/pandit-ji-paranthe-wale-ashok-vihar-phase-2-new-delhi,"Shop 1&2, LSC Plot 15, Ashok Vihar Phase 2, New Delhi",9.20E+11,28.69649003,77.17982613,"Anda Parantha, Mix Paratha, Kadhi Chawal, Aloo Pyaz Paratha, Tea","Economical, Not very Crowded, Cozy Ambiance, Cute Little Place, Pocket Friendly, Food Service",4.176370969
714,Janta Eating House,North Indian,300," Shahdara, New Delhi",4.2,1559,4.2,29500,https://www.zomato.com/ncr/janta-eating-house-shahdara-new-delhi,"1/2843, Loni Road, Ram Nagar, Shahdara, New Delhi",9.20E+11,28.68209451,77.29238972,"Shahi Paneer Makhani, Paneer Naan, Panneer Butter Masala, Jeera Rice, Rajma, Butter Roti","Bang for the Buck, Elegantly Decorated, Low Price, Great Recommendations, Great Ambiance, Polite Staff",4.168783446
759,Pizzaa79,"Pizza, Italian, Fast Food, Desserts, Beverages",500," Sector 81, Faridabad",4.2,1481,4.1,5548,https://www.zomato.com/ncr/pizzaa79-sector-81-faridabad,"SCO 58, 1st Floor, Omaxe World Street, Sector 79, Near Sector 81, Faridabad",9.20E+11,28.38738103,77.35336673,"Queen Margherita Pizza, Onion Cheese Pizza, Maharaja Supreme Burger, Sweet Corn Pizza, Choco Brownie, Capsicum Pizza","Good Space, Not very Crowded, Cute Little Place, Great Restaurant, Fastest Delivery, Great Menu",4.167939053
806,The Forestta,"North Indian, Chinese, Italian",1000," Sector 54, Gurgaon",4.1,1552,3.4,823,https://www.zomato.com/ncr/the-forestta-sector-54,"Plot 27, Saraswati Kunj, Suncity, Opposite Alchemist Hospital, Sector 54, Gurgaon",9.20E+11,28.439295,77.103987,"Fried Icecream, Murgh Malai Tikka, Veg Sweet Corn Soup, Veg Spring Rolls, Drums of Heaven, Chicken Manchow Soup","Cover Charges, Pool Table, Beautiful Cafe, Best Ambience, Good Vibe, Calm",4.116181227
824,Cha Bar,"Cafe, Fast Food, Desserts, Biryani, Italian, Sandwich",600," Connaught Place, New Delhi",4.1,5269,3.9,59,https://www.zomato.com/ncr/cha-bar-connaught-place-new-delhi,"N-81, Oxford Bookstore, Connaught Place, New Delhi",9.20E+11,28.63134604,77.22181208,"Passion Fruit Ice Tea, Cardamom Tea, Bun Tikki, Earl Grey Tea, Rose Tea, Smoked Chicken Pasta","Books Books and Books, Unique Cafe, Lovely Cafe, Positive Vibe, Peaceful Environment, Interesting Place",4.107166055
835,Not Just Paranthas,"North Indian, Kebab, Beverages, Mughlai",1100," Cyber Hub, DLF Cyber City, Gurgaon",4.1,2027,3.8,116,https://www.zomato.com/ncr/not-just-paranthas-dlf-cyber-city,"Shop 108, 1st Floor, Cyber Hub, DLF Cyber City, Gurgaon",9.20E+11,28.49513857,77.088685,"Pan Pizza Parantha, Sharabi Parantha, Churchur Paratha, Amritsari Parantha, Mutton Parantha, Dal Parantha","Affordable, Nice Environment, Ample Seating Area, Outdoor Sitting, Staff Service, Menu Options",4.113940125
844,Rajdhani,"Gujarati, Rajasthani, North Indian",1100," Connaught Place, New Delhi",4.1,2073,3.9,2351,https://www.zomato.com/ncr/rajdhani-connaught-place-new-delhi,"9 A, Atmaram Mansion, Scindia House, Connaught Place, New Delhi",9.11E+11,28.63009682,77.22044885,"Strawberry Halwa, Misi Roti, Ker Sangri, Rajasthani Thaali, Gujarati Thali, Dal Baati","Good for Large Groups, Amazing Food and Experience, Ample Seating Area, Excellent Food and Service, Warm Welcome, Unlimited Refills",4.113755626
862,Nizam's Kathi Kabab,"North Indian, Mughlai, Rolls, Beverages",250," Connaught Place, New Delhi",4.1,2515,4.2,1733,https://www.zomato.com/ncr/nizams-kathi-kabab-connaught-place-new-delhi,"H-5/6, Plaza Building, Connaught Place, New Delhi",9.11E+11,28.63497238,77.21947018,"Kadak Chicken Tikka, Nimbu Pani, Kathi Rolls, Seekh Roll, Firni, Chicken Roll","Relaxed Atmosphere, Comfortable Seating Area, Cozy Place, Art, Authenticity, Good Options",4.112203659
883,Hira Sweets,"Mithai, North Indian, South Indian, Fast Food, Street Food, Ice Cream, Desserts, Beverages",600," Laxmi Nagar, New Delhi",4.1,1717,4.1,35300,https://www.zomato.com/ncr/hira-sweets-laxmi-nagar-new-delhi,"E-60, Vikas Marg, Laxmi Nagar, New Delhi",9.11E+11,28.63369819,77.28207227,"Fruit Rabri, Balushahi, Matar Kachori, Stuffed Aloo, Kaju Katli, Kalakand","Gift Baskets Available, Sweetshop+Restaurant, Spacious Seating Area, Good for Families, Parking Space Available, Comfortable Chairs",4.115325379
923,Roshan Di Kulfi,"Chinese, North Indian, South Indian, Ice Cream, Mithai",350," Karol Bagh, New Delhi",4.1,1735,4.1,11100,https://www.zomato.com/ncr/roshan-di-kulfi-karol-bagh-new-delhi,"2816, Block 34P, Ajmal Khan Road, Karol Bagh, New Delhi",9.11E+11,28.65045006,77.19241273,"Faluda Kulfi Mix, Badami Kheer, Chana Bhatura, Pan Kulfi, Dosa Sambar, Paneer Pakora","Bang for the Buck, Street Food, Cute Little Place, Good Crowd, Comfortable Seating, Low Price",4.11523746
977,Al - Bake,"North Indian, Chinese, Mughlai, Kebab, Momos",600," Community Centre, New Friends Colony, New Delhi",4.1,3197,3.7,1719,https://www.zomato.com/ncr/al-bake-new-friends-colony-new-delhi,"Shop 21-23, Community Centre, New Friends Colony, New Delhi",9.11E+11,28.56165388,77.26824146,"Mutton Hyderabadi, Chicken Shawarama, Shawarma Rolls, Shawarma Platter, Tangdi Chicken, Gravy Chicken","Affordable, Cheap Prices, Open Area, More Variety, Cleanliness, Authentic Food",4.110394176
1018,Too Indian,"North Indian, Continental",1400," Rajouri Garden, New Delhi",4.1,2215,3.7,428,https://www.zomato.com/ncr/too-indian-rajouri-garden-new-delhi,"A 39, Vishal Enclave, Rajouri Garden, New Delhi",9.18E+11,28.65063131,77.12017681,"Mango Sorbet, Nutella Shakes, Chicken Curry Home Style, Paneer Tacos, Veg Tacos, Hummus Pita","Service Charges, Hookahs, Sheesha, Live Band, Lovely Ambience, Rooftop Ambience",4.113215683
1020,Khan Chacha,"North Indian, Mughlai, Rolls, Beverages",600," Khan Market, New Delhi",4.1,3469,4.3,1080,https://www.zomato.com/ncr/khan-chacha-khan-market-new-delhi,"Shop 50, 1st Floor, Middle Lane, Khan Market, New Delhi",9.11E+11,28.59972307,77.22631317,"Haryali Roll, Spicy Chicken Roll, Mutton Kakori, Aloo Roll, Khameeri Roti, Chicken Kebab","Live Kitchen, Good for Large Groups, Hygienic Place, Family Place, Fancy Crowd, Seating Arrangement",4.10981383
1075,Mealodrama Modern Bistro,"North Indian, Chinese, Continental, Fast Food, Mughlai",1200," Rajouri Garden, New Delhi",4.1,1423,3.8,68,https://www.zomato.com/ncr/mealodrama-modern-bistro-rajouri-garden-new-delhi,"A-6, 2nd Floor, Vishal Enclave, Rajouri Garden, New Delhi",9.20E+11,28.64740538,77.11920988,"Crispy Water Chestnut, Corn Poppers, Dahi Sholey, Tex Mex Burger, Chocolate Brownie Sizzler, Cheese Balls","Budget Friendly Menu, Live Dj, Flowers, Lightings, Live Kitchen, Beautiful Interiors",4.116919965
1160,Dilli 6 On Wheels,"North Indian, Street Food",300," Sector 31, Gurgaon",4.1,2133,3.8,36700,https://www.zomato.com/ncr/dilli-6-on-wheels-sector-31,"Shop 84, 87, HUDA Shopping Complex, Near Medanta Hospital, Sector 32, Near Sector 31, Gurgaon",9.20E+11,28.44574113,77.04458982,"Aloo Pyaz Kulcha, Rajma Chawal, Lassi, Raita, Naan, Chutney","Casual Seating Area, Low Price, Sitting, Nice Service, Polite Staff, Good Taste",4.11352219
1179,Ardor 2.1,"North Indian, Chinese, Continental, Italian, Pizza, Seafood, Desserts, Beverages",1800," Connaught Place, New Delhi",4,4138,4,196,https://www.zomato.com/ncr/ardor-2-1-connaught-place-new-delhi,"N-55/56 & 88/89, Outer Circle, Connaught Place, New Delhi",9.20E+11,28.63012154,77.22022153,"Fruit Passion Mocktail, Veg Ceaser Salad, Chicken Tikka Pizza, Sangria, White Sauce Pasta, Hummus","Discriminative Management, Kid Friendly, Live Entertainment, Great Food Great Service, Rooftop Ambience, Peaceful Ambience",4.033943806
1191,Jugmug Thela,"Cafe, Italian, Fast Food, Sandwich",600," Champa Gali, Saket, New Delhi",4,1474,4.4,138,https://www.zomato.com/ncr/jugmug-thela-saket-new-delhi,"Shed 4, Khasra 258, Lane 3, Westend Marg, Saidulajab, Near Kuldeep House, Saket, New Delhi",9.19E+13,28.51729144,77.19979014,"Croissant, Ravioli, Lasagna, Cheesecake, Pizzas, Desserts","Ambience was Super Cool, Excellent Location, Cashless Payments, Variety of Pizza, Beautiful Ambience, Weekend Brunch",4.065378938
1376,Prime Street Cafe,"North Indian, Chinese, Italian, Pizza, Mughlai, Fast Food, Beverages",1000," Connaught Place, New Delhi",4,1475,3.9,71,https://www.zomato.com/ncr/prime-street-cafe-connaught-place-new-delhi,"12/13, 1st Floor, F- Block, Inner Circle, Opposite Rajiv Chowk Metro Gate 5, Connaught Place, New Delhi",9.11E+11,28.63155027,77.22050652,"Chicken Momos, Pasta, Starters, Paneer Tikka, Biryani","Ample Seating Area, Good for Large Groups, Relaxed Atmosphere, Serving Size, Great Value, Theme",4.065356218
1632,Evergreen Sweet House,"Continental, South Indian, North Indian, Chinese, Street Food, Ice Cream, Beverages",500," Green Park, New Delhi",3.9,2145,3.4,14,https://www.zomato.com/ncr/evergreen-sweet-house-green-park-new-delhi,"S-29 &30, Main Market, Green Park, New Delhi",9.11E+11,28.55646394,77.20225878,"Paneer Peri Peri, Grilled Cottage Cheese Steak, Nachos N Salsa, Tequila Sunrise, Shisha, Hummus Pita","Hookahs, Rooftop Ambience, Sheesha, Outdoor Sitting, Ambience was Super Cool, Good for Large Groups",3.992549626
